id,last,first
"01",Agarwal,Vibhor
"02",Armstrong,William
"03",Baurley,Nathaniel
"04",Bolch,Tobias
"05",Donachie,Frank
"06",Drocourt,Yoann
"07",Miles,Evan
"08",Garg,Siddhi
"09",Joshi,Gunjan
"10",Guzman,Byron
"11",Barr,Iestyn
"12",Potter,Kaleigh
"13",Kutuzov,Stas
"14",Mathias,Caleb
"15",McNabb,Robert
"16",Cloutier,Mike
"17",Sterner,Miles
"18",Osika,Aleksandra
"19",Racoviteanu,Adina
"20",Rick,Bri
"21",Aguayo,Rodrigo
"22",Steiner,Jakob
"23",Tallentire,Guy
"24",Loriaux,Thomas
"25",Tielidze,Levan
"26",White,Rebecca
"27",Zheng,Whyjay
"28",Kochtitzky,Will
"29",Wu,Kunpeng
